{
  "project_info": {
    "project_number": "700894874458",
    "project_id": "bhs-app-9fe52",
    "storage_bucket": "bhs-app-9fe52.appspot.com"
  },
  "client": [
    {
      "client_info": {
        "mobilesdk_app_id": "1:700894874458:android:b05f1675abe0eb85d14163",
        "android_client_info": {
          "package_name": "com.example.bhs_app"
        }
      },
      "oauth_client": [
        {
          "client_id": "700894874458-l565ub0msdhl5521050i4pgbrur30u1b.apps.googleusercontent.com",
          "client_type": 3
        }
      ],
      "api_key": [
        {
          "current_key": "AIzaSyC3PX9NAtr9-l1BfSFOq3ydKDpyWRHveAQ"
        }
      ],
      "services": {
        "appinvite_service": {
          "other_platform_oauth_client": [
            {
              "client_id": "700894874458-l565ub0msdhl5521050i4pgbrur30u1b.apps.googleusercontent.com",
              "client_type": 3
            }
          ]
        }
      }
    }
  ],
  "configuration_version": "1"
}